Medicina General;k1
Emergencia;k2
Medicina Interna;k3
Pedriatria;k4
Ginecologia;k5
Obstrecia;k6
Cardiologia;k7
Traumatologia;k8
Neurologia;k9
Dermatologia;k10
Oftalmologia;k11
Otorrinolaringología;k12
Psiquiatría;k13
Psicología;k14
Urología;k15
Nefrología;k16
Gastroenterología;k17
Neumología;k18
Endocrinología;k19
Oncología;k20
Cirugía General;k21
Infectología;k22
Reumatología;k23
Geriatría;k24
Nutrición;k25
Hematología;k26
Anestesiología;k27
Medicina Familiar;k28
Medicina Física y Rehabilitación;k29
Cirugía Plástica;k30
Cirugía Cardiovascular;k31
Neurocirugía;k32
Cirugía Pediátrica;k33
Odontología;k34
Maxilofacial;k35
UCI;k36
Emergencia 24h;k37
Laboratorio;k38
Imagenología;k39
Rayos X;k40
Resonancia;k41
Tomografía;k42
Ambulancia;k43
Farmacia;k44
Banco de sangre;k45
Quirófano;k46
Hospitalización;k47
vacunacion;k48
Alerlogia;k49
