Nombre;Direccion;Provincia;CAN_DESCRIPCION;Parroquia;Nivel;TUN_DESCRIPCION;Institucion;x;y;servicios;planes_aceptados;costo_consulta
MARIUXI FEBRES CORDERO;COOP MARIUXI FEBRES CORDERO GUASMO SUR SOLAR 1 MZ 1701 CERCA DE LA ESCUELA MARTHA DE BUCARAN;GUAYAS;GUAYAQUIL;XIMENA;NIVEL 1;CENTRO DE SALUD A;MSP;-79,88993021;-2,275193108;Medicina General, Vacunación, Farmacia, Odontología Preventiva;Público (Gratuito para afiliados MSP);29
GUASMO SUR;COOP GUAYAS Y QUIL 2 GUASMO SUR SOLAR 1 MZ 2391 FRENTE A LAS ESCUELA GUASYAS Y QUIL;GUAYAS;GUAYAQUIL;XIMENA;NIVEL 1;CENTRO DE SALUD A;MSP;-79,88321966;-2,278380942;Medicina General, Vacunación, Farmacia, Odontología Preventiva;Público (Gratuito para afiliados MSP);34
FLORIDA;GUASMO SUR COOP FLORIDA 2 SOLAR 11 MZ 1081 PARQUE DE LA FLORIDA;GUAYAS;GUAYAQUIL;XIMENA;NIVEL 1;CENTRO DE SALUD A;MSP;-79,88726599;-2,280359583;Medicina General, Vacunación, Farmacia, Odontología Preventiva;Público (Gratuito para afiliados MSP);39
GUASMO CENTRAL;COOP UNION DE BANANEROS GUASMO SUR SOLAR 2 MZ2711 FRENTE A LA ESCUELA PROVINCIA DE MANABI;GUAYAS;GUAYAQUIL;XIMENA;NIVEL 1;CENTRO DE SALUD A;MSP;-79,8821671;-2,26732659;Medicina General, Vacunación, Farmacia, Odontología Preventiva;Público (Gratuito para afiliados MSP);25
CASITAS DEL GUASMO;COOP CASITAS DEL GUASMO MZ.20 S.5- CALLE PRINCIPAL HUGO CORTEZ CADENA Y CALLE 2DA AV BARCELONA - FRENTE A LA ESCUELA NELSON MATHEUS;GUAYAS;GUAYAQUIL;XIMENA;NIVEL 1;CENTRO DE SALUD A;MSP;-79,88319034;-2,246179127;Medicina General, Vacunación, Farmacia, Odontología Preventiva;Público (Gratuito para afiliados MSP);37
25 DE ENERO;COOP. 25 DE ENERO SOLAR 18 MZ 96;GUAYAS;GUAYAQUIL;XIMENA;NIVEL 1;CENTRO DE SALUD A;MSP;-79,8755772;-2,255819489;Medicina General, Vacunación, Farmacia, Odontología Preventiva;Público (Gratuito para afiliados MSP);29
FLORESTA;FLORESTA 1 AV. ROBERTO SERRANO SOLAR 12 JUNTO A ALMACENES TIA;GUAYAS;GUAYAQUIL;XIMENA;NIVEL 1;CENTRO DE SALUD A;MSP;-79,88538011;-2,251779945;Medicina General, Vacunación, Farmacia, Odontología Preventiva;Público (Gratuito para afiliados MSP);44
PABLO NERUDA;GUASMO SUR SOLAR 1 MZ 4014 JUNTO AL PAI;GUAYAS;GUAYAQUIL;XIMENA;NIVEL 1;CENTRO DE SALUD A;MSP;-79,8740942;-2,264823763;Medicina General, Vacunación, Farmacia, Odontología Preventiva;Público (Gratuito para afiliados MSP);38
UNION DE BANANEROS;COOP GUASMO SUR CARLOS CASTRO 2 SOLAR 3 MZ 26 JUNTO AL AIGLESIA NUEVA JERUSALEN;GUAYAS;GUAYAQUIL;XIMENA;NIVEL 1;CENTRO DE SALUD A;MSP;-79,88515384;-2,261483312;Medicina General, Vacunación, Farmacia, Odontología Preventiva;Público (Gratuito para afiliados MSP);30
CENTRO DE SALUD TRINITARIA;ISLA TRINITARIA COOP. POLO SUR MANZANA 75 SOLAR 01;GUAYAS;GUAYAQUIL;XIMENA;NIVEL 1;CENTRO DE SALUD B;MSP;-79,91966599;-2,240336136;Medicina General, Vacunación, Farmacia, Odontología Preventiva;Público (Gratuito para afiliados MSP);25
CAMINO AL SOL [24H];ISLA TRINITARIA COOP.CAMINO AL SOL MANZANA 37 SOLAR 25;GUAYAS;GUAYAQUIL;XIMENA;NIVEL 1;CENTRO DE SALUD B;MSP;-79,91605534;-2,238889893;Medicina General, Vacunación, Farmacia, Odontología Preventiva;Público (Gratuito para afiliados MSP);34
FERTISA;GUASMO OESTE COOP.SANTIAGO DE ROLDOS MANZANA 1360 SOLAR 1;GUAYAS;GUAYAQUIL;XIMENA;NIVEL 1;CENTRO DE SALUD B;MSP;-79,90109872;-2,256945501;Medicina General, Vacunación, Farmacia, Odontología Preventiva;Público (Gratuito para afiliados MSP);42
GUASMO OESTE MANGLAR;GUASMO OESTE COOP.SANTIAGUITO DE ROLDOS MANZANA 1294 SOLAR 26;GUAYAS;GUAYAQUIL;XIMENA;NIVEL 1;CENTRO DE SALUD A;MSP;-79,91143568;-2,250325317;Medicina General, Vacunación, Farmacia, Odontología Preventiva;Público (Gratuito para afiliados MSP);42
RUMIÑAHUI;GUASMO OESTE COOP.RUMIÑAHUI MANZANA 3822 SOLAR 01;GUAYAS;GUAYAQUIL;XIMENA;NIVEL 1;CENTRO DE SALUD A;MSP;-79,90829661;-2,238759752;Medicina General, Vacunación, Farmacia, Odontología Preventiva;Público (Gratuito para afiliados MSP);39
CENTRO DE SALUD TRINITARIA 1;ISLA TRINITARIA COOP.SAN CRISTOBAL MANZANA 543 SOLAR 14;GUAYAS;GUAYAQUIL;XIMENA;NIVEL 1;CENTRO DE SALUD A;MSP;-79,92858527;-2,241392011;Medicina General, Vacunación, Farmacia, Odontología Preventiva;Público (Gratuito para afiliados MSP);30
CENTRO DE SALUD TRINITARIA 2;ISLA TRINITARIA COOP. INDEPENDENCIA MANZANA 255 SOLAR 9;GUAYAS;GUAYAQUIL;XIMENA;NIVEL 1;CENTRO DE SALUD A;MSP;-79,91947763;-2,233303365;Medicina General, Vacunación, Farmacia, Odontología Preventiva;Público (Gratuito para afiliados MSP);32
COLMENA;LA 17 AVA 120 Y Y LA P;GUAYAS;GUAYAQUIL;FEBRES CORDERO;NIVEL 1;CENTRO DE SALUD B;MSP;-79,92719785;-2,230384148;Medicina General, Vacunación, Farmacia, Odontología Preventiva;Público (Gratuito para afiliados MSP);30
HUERFANITOS;19VA. 1608 Y CALLE H - CALLE I;GUAYAS;GUAYAQUIL;FEBRES CORDERO;NIVEL 1;CENTRO DE SALUD B;MSP;-79,92683635;-2,222756822;Medicina General, Vacunación, Farmacia, Odontología Preventiva;Público (Gratuito para afiliados MSP);40
SANTIAGO DE GUAYAQUIL;M S/N Y CALLE 43VA. CALLE 44VA.;GUAYAS;GUAYAQUIL;FEBRES CORDERO;NIVEL 1;CENTRO DE SALUD B;MSP;-79,94500142;-2,219989608;Medicina General, Vacunación, Farmacia, Odontología Preventiva;Público (Gratuito para afiliados MSP);43
28 DE FEBRERO;23 AVA SOLAR 6 Y 2DO CALLEJON P;GUAYAS;GUAYAQUIL;FEBRES CORDERO;NIVEL 1;CENTRO DE SALUD B;MSP;-79,9390877;-2,229348389;Medicina General, Vacunación, Farmacia, Odontología Preventiva;Público (Gratuito para afiliados MSP);45
HEROES DEL 41;19 AVA SOLAR 1 Y Q;GUAYAS;GUAYAQUIL;FEBRES CORDERO;NIVEL 1;CENTRO DE SALUD B;MSP;-79,93938175;-2,232464463;Medicina General, Vacunación, Farmacia, Odontología Preventiva;Público (Gratuito para afiliados MSP);44
LA LAGUNA;LA 29AVA SOLAR 15 Y Y LA Q;GUAYAS;GUAYAQUIL;FEBRES CORDERO;NIVEL 1;CENTRO DE SALUD A;MSP;-79,9436619;-2,228015246;Medicina General, Vacunación, Farmacia, Odontología Preventiva;Público (Gratuito para afiliados MSP);32
CENTRO DE SALUD N. 15;COOP. SAN PEDRO SOLAR 1 MZ 85 DETRÁS DE UNIVERSIDAD CATOLICA;GUAYAS;GUAYAQUIL;TARQUI;NIVEL 1;CENTRO DE SALUD A;MSP;-79,90459053;-2,185825628;Medicina General, Vacunación, Farmacia, Odontología Preventiva;Público (Gratuito para afiliados MSP);26
CENTRO DE SALUD ATARAZANA;JOSE MASCOTE 0100 Y JULIAN CORONEL;GUAYAS;GUAYAQUIL;TARQUI;NIVEL 1;CENTRO DE SALUD A;MSP;-79,89012359;-2,181367028;Medicina General, Vacunación, Farmacia, Odontología Preventiva;Público (Gratuito para afiliados MSP);32
CENTRO DE SALUD SAUCES III;SN SOL 11 Y SN;GUAYAS;GUAYAQUIL;TARQUI;NIVEL 1;CENTRO DE SALUD B;MSP;-79,88939496;-2,128827397;Medicina General, Vacunación, Farmacia, Odontología Preventiva;Público (Gratuito para afiliados MSP);43
LOS VERGELES;TERCER PASAJE 2NE SOLAR 1 Y CUARTO CALLEJON 23NE;GUAYAS;GUAYAQUIL;PASCUALES;NIVEL 1;CENTRO DE SALUD B;MSP;-79,90497027;-2,094167569;Medicina General, Vacunación, Farmacia, Odontología Preventiva;Público (Gratuito para afiliados MSP);29
LAS ORQUIDEAS;AV. FRANCISCO DE ORELLANA SOLAR 44 Y 2 PEATONAL 8;GUAYAS;GUAYAQUIL;PASCUALES;NIVEL 1;CENTRO DE SALUD B;MSP;-79,91594597;-2,084568851;Medicina General, Vacunación, Farmacia, Odontología Preventiva;Público (Gratuito para afiliados MSP);32
FRANCISCO DE ORELLANA;SOLAR 10 MZ 311 Y SN;GUAYAS;GUAYAQUIL;TARQUI;NIVEL 1;CENTRO DE SALUD B;MSP;-79,906178;-2,116383;Medicina General, Vacunación, Farmacia, Odontología Preventiva;Público (Gratuito para afiliados MSP);43
JUAN MONTALVO;COOP. JUAN MONTALVO AV. 37 SOLAR 1 MZ 1763 SETECIENTOS METROS MERCADO MUNICIPAL SAN JACINTO;GUAYAS;GUAYAQUIL;TARQUI;NIVEL 1;CENTRO DE SALUD A;MSP;-79,91884521;-2,117795251;Medicina General, Vacunación, Farmacia, Odontología Preventiva;Público (Gratuito para afiliados MSP);44
MATERNO MARTHA DE ROLDOS - 24 HD;MARTHA DE ROLDOS NUMERO: SOLAR 7 MZ 514 DIAGONAL A FATMACIA CRUZ AZUL;GUAYAS;GUAYAQUIL;TARQUI;NIVEL 1;CENTRO DE SALUD C;MSP;-79,92279857;-2,145248749;Medicina General, Vacunación, Farmacia, Odontología Preventiva;Público (Gratuito para afiliados MSP);34
MAPASINGUE ESTE;COOP. VEINTICUATRO DE OCTUBRE BARRIO: MAPASINGUE ESTE NUMERO: SOLAR 7 MZ 49 A UNA CUADRA DE CANCHA FUTBOL INDOR;GUAYAS;GUAYAQUIL;TARQUI;NIVEL 1;CENTRO DE SALUD A;MSP;-79,92009382;-2,15183495;Medicina General, Vacunación, Farmacia, Odontología Preventiva;Público (Gratuito para afiliados MSP);32
JUSTICIA SOCIAL;COOP. JUSTICIA SOCIAL - SOLAR 8 MZ 204- A VEINTE METROS DE DE IGLESIA CRISTIANA SOLO DIOS HACE AL HOMBRE FELIZ;GUAYAS;GUAYAQUIL;TARQUI;NIVEL 1;CENTRO DE SALUD A;MSP;-79,91505156;-2,155218271;Medicina General, Vacunación, Farmacia, Odontología Preventiva;Público (Gratuito para afiliados MSP);27
ESTRELLA DE BELEN;COOP. UNION CIVICA DOS NUMERO: SOLAR 1 MZ 1902 - A CIEN METROS DE ESTACIÓN DE LA LINEA OCHENTA Y CUATRO;GUAYAS;GUAYAQUIL;TARQUI;NIVEL 1;CENTRO DE SALUD A;MSP;-79,91085354;-2,117386709;Medicina General, Vacunación, Farmacia, Odontología Preventiva;Público (Gratuito para afiliados MSP);42
FICOA DE MONTALVO;COOP. FICOA DE MONTALVO NUMERO: SOLAR 1 MZ 2167 JUNTO A CANCHA DE FUTBOL;GUAYAS;GUAYAQUIL;TARQUI;NIVEL 1;CENTRO DE SALUD A;MSP;-79,92438045;-2,122665651;Medicina General, Vacunación, Farmacia, Odontología Preventiva;Público (Gratuito para afiliados MSP);29
LUCHADORES DEL NORTE;COOP. LUCHADORES DEL NORTE NUMERO: SOLAR 5 MZ 1961 FRENTE A CANCHAS DEPORTIVAS;GUAYAS;GUAYAQUIL;TARQUI;NIVEL 1;CENTRO DE SALUD A;MSP;-79,9205926;-2,128829934;Medicina General, Vacunación, Farmacia, Odontología Preventiva;Público (Gratuito para afiliados MSP);39
CENTRO DE SALUD N. 7;MAPASINGUE OESTE CALLE: AV. QUINTA NUMERO: 301 INTERSECCION: CALLE 2DA-3ERA JUNTO AL PARQUE;GUAYAS;GUAYAQUIL;TARQUI;NIVEL 1;CENTRO DE SALUD B;MSP;-79,93455493;-2,157853471;Medicina General, Vacunación, Farmacia, Odontología Preventiva;Público (Gratuito para afiliados MSP);30
9 DE ENERO;COOP. NUEVE DE ENERO SOLAR 2 MZ 1172 JUNTO TIENDA MAGALY;GUAYAS;GUAYAQUIL;TARQUI;NIVEL 1;CENTRO DE SALUD A;MSP;-79,9385526;-2,152545586;Medicina General, Vacunación, Farmacia, Odontología Preventiva;Público (Gratuito para afiliados MSP);26
29 DE ABRIL;COOP. VEINTINUEVE DE ABRIL SOLAR 11 MZ 1323 DIAGONAL ESTACIÓN DE BUSES DE LA COOPERATIVA 0CP;GUAYAS;GUAYAQUIL;TARQUI;NIVEL 1;CENTRO DE SALUD A;MSP;-79,94142675;-2,146075204;Medicina General, Vacunación, Farmacia, Odontología Preventiva;Público (Gratuito para afiliados MSP);25
12 DE OCTUBRE;COOP. DOCE DE OCTUBRE BARRIO: MAPASINGUE OESTE NUMERO: SOLAR 1 MZ 1367 A CINCUENTA METROS DE CASA HOGAR SAGRADA FAMILIA;GUAYAS;GUAYAQUIL;TARQUI;NIVEL 1;CENTRO DE SALUD A;MSP;-79,94005488;-2,14850341;Medicina General, Vacunación, Farmacia, Odontología Preventiva;Público (Gratuito para afiliados MSP);33
24 DE OCTUBRE;CIUDADELA: QUISQUIS SOLAR 02 MZ 72 A DOS CUADRAS ALMACENES TIA;GUAYAS;GUAYAQUIL;TARQUI;NIVEL 1;CENTRO DE SALUD A;MSP;-79,9209769;-2,15746293;Medicina General, Vacunación, Farmacia, Odontología Preventiva;Público (Gratuito para afiliados MSP);34
CENTRO DE SALUD CHONGóN;AV. PAQUISHA SOLAR 1 Y CALLE 1ERA;GUAYAS;GUAYAQUIL;TARQUI;NIVEL 1;CENTRO DE SALUD A;MSP;-80,08065778;-2,233164592;Medicina General, Vacunación, Farmacia, Odontología Preventiva;Público (Gratuito para afiliados MSP);36
CERECITA;AV PRINCIPAL SOLAR 1 Y KM 51 VIA A LA COSTA;GUAYAS;GUAYAQUIL;JUAN GOMEZ RENDON (PROGRESO);NIVEL 1;CENTRO DE SALUD A;MSP;-80,27104783;-2,33508335;Medicina General, Vacunación, Farmacia, Odontología Preventiva;Público (Gratuito para afiliados MSP);30
CONSUELO;KM 40 VIA A LA COSTA SOLAR 2 Y CONSUELO;GUAYAS;GUAYAQUIL;GUAYAQUIL;NIVEL 1;CENTRO DE SALUD A;MSP;-80,18882441;-2,284027903;Medicina General, Vacunación, Farmacia, Odontología Preventiva;Público (Gratuito para afiliados MSP);28
CENTRO DE SALUD PUERTO HONDO;PRINCIPAL SOLAR 1 Y CALLE 4TA;GUAYAS;GUAYAQUIL;TARQUI;NIVEL 1;CENTRO DE SALUD A;MSP;-80,02673261;-2,189868031;Medicina General, Vacunación, Farmacia, Odontología Preventiva;Público (Gratuito para afiliados MSP);25
EL CERRO;COOP. EL CERRO NUMERO: SOLAR 4- MZ 75 DETRÁS DEL COLEGIO REPLICA AGUIRRE ABAD;GUAYAS;GUAYAQUIL;TARQUI;NIVEL 1;CENTRO DE SALUD A;MSP;-79,92852313;-2,151940103;Medicina General, Vacunación, Farmacia, Odontología Preventiva;Público (Gratuito para afiliados MSP);29
MATERNO INFANTIL FRANCISCO JACOME [24H];MANZANA 259 SOLAR 25 Y SECTOR B;GUAYAS;GUAYAQUIL;AYACUCHO;NIVEL 1;CENTRO DE SALUD C;MSP;-79,9431335;-2,128529043;Medicina General, Vacunación, Farmacia, Odontología Preventiva;Público (Gratuito para afiliados MSP);28
GALLEGOS LARA;GALLEGOS LARA SOLAR 1 MZ 1098;GUAYAS;GUAYAQUIL;TARQUI;NIVEL 1;CENTRO DE SALUD A;MSP;-79,94143993;-2,133830781;Medicina General, Vacunación, Farmacia, Odontología Preventiva;Público (Gratuito para afiliados MSP);28
FLOR DEL BASTION 1;14 PASAJE Y 5TO CALLEJON;GUAYAS;GUAYAQUIL;PASCUALES;NIVEL 1;CENTRO DE SALUD A;MSP;-79,96505413;-2,08959378;Medicina General, Vacunación, Farmacia, Odontología Preventiva;Público (Gratuito para afiliados MSP);31
EL FORTIN;10MO PASAJE Y CALLE 23;GUAYAS;GUAYAQUIL;PASCUALES;NIVEL 1;CENTRO DE SALUD A;MSP;-79,95387875;-2,111792112;Medicina General, Vacunación, Farmacia, Odontología Preventiva;Público (Gratuito para afiliados MSP);30
PROSPERINA;PROSPERINA AV. CUARTA 512 INTERSECCIÓN CALLES 5TA - 6TA DIAGONAL MERCADO MUNICIPAL;GUAYAS;GUAYAQUIL;TARQUI;NIVEL 1;CENTRO DE SALUD A;MSP;-79,93999854;-2,141592025;Medicina General, Vacunación, Farmacia, Odontología Preventiva;Público (Gratuito para afiliados MSP);37
MATERNO INFANTIL BASTION POPULAR [24H];AVENIDA PRINCIPAL Y CERRO LOS COLORADOS;GUAYAS;GUAYAQUIL;PASCUALES;NIVEL 1;CENTRO DE SALUD C;MSP;-79,92740821;-2,103991597;Medicina General, Vacunación, Farmacia, Odontología Preventiva;Público (Gratuito para afiliados MSP);41
PASCUALES;AV 11 AVA SOLAR 5 Y AV PRINCIPAL;GUAYAS;GUAYAQUIL;PASCUALES;NIVEL 1;CENTRO DE SALUD B;MSP;-79,92705655;-2,066749805;Medicina General, Vacunación, Farmacia, Odontología Preventiva;Público (Gratuito para afiliados MSP);44
BASTION POPULAR 1;TERCER PASAJE SOLAR 1 Y CUARTO PASAJE 25E NO;GUAYAS;GUAYAQUIL;PASCUALES;NIVEL 1;CENTRO DE SALUD B;MSP;-79,9328128;-2,085177451;Medicina General, Vacunación, Farmacia, Odontología Preventiva;Público (Gratuito para afiliados MSP);44
BASTION POPULAR 3;VIA PERIMETRAL SOLAR 1 Y 12 PASEO 25 A;GUAYAS;GUAYAQUIL;PASCUALES;NIVEL 1;CENTRO DE SALUD B;MSP;-79,92689222;-2,079417319;Medicina General, Vacunación, Farmacia, Odontología Preventiva;Público (Gratuito para afiliados MSP);34
SAN RAFAEL;SN 00 Y SN;GUAYAS;GUAYAQUIL;TENGUEL;NIVEL 1;CENTRO DE SALUD A;MSP;-79,77217145;-2,970574154;Medicina General, Vacunación, Farmacia, Odontología Preventiva;Público (Gratuito para afiliados MSP);34
PROGRESO;AV. PRINCIPAL SOLAR 1 Y CALLE PRIMERA;GUAYAS;GUAYAQUIL;JUAN GOMEZ RENDON (PROGRESO);NIVEL 1;CENTRO DE SALUD A;MSP;-80,3648465;-2,410728728;Medicina General, Vacunación, Farmacia, Odontología Preventiva;Público (Gratuito para afiliados MSP);30
PUERTO DEL MORRO;PRINCIPAL SOLAR 1 Y VIA A PUERTO EL MORRO;GUAYAS;GUAYAQUIL;MORRO;NIVEL 1;CENTRO DE SALUD A;MSP;-80,30376102;-2,61073423;Medicina General, Vacunación, Farmacia, Odontología Preventiva;Público (Gratuito para afiliados MSP);35
POCITOS;AV PRINCIPAL SOLAR 1 Y CALLE PRINCIPAL;GUAYAS;GUAYAQUIL;MORRO;NIVEL 1;PUESTO DE SALUD;MSP;-80,35174236;-2,593372559;Medicina General, Vacunación, Farmacia, Odontología Preventiva;Público (Gratuito para afiliados MSP);25
PUNA;ISLA PUNA;GUAYAS;GUAYAQUIL;PUNA;NIVEL 1;CENTRO DE SALUD A;MSP;-79,90850616;-2,739302196;Medicina General, Vacunación, Farmacia, Odontología Preventiva;Público (Gratuito para afiliados MSP);32
PUERTO SALINAS;S/N REFERENCIA ISLA PUNA;GUAYAS;GUAYAQUIL;PUNA;NIVEL 1;PUESTO DE SALUD;MSP;-80,00510917;-2,579251631;Medicina General, Vacunación, Farmacia, Odontología Preventiva;Público (Gratuito para afiliados MSP);40
CERRITO DE LOS MORREÑOS;S/N REFERENCIA ISLA PUNA;GUAYAS;GUAYAQUIL;PUNA;NIVEL 1;PUESTO DE SALUD;MSP;-79,90714591;-2,474019834;Medicina General, Vacunación, Farmacia, Odontología Preventiva;Público (Gratuito para afiliados MSP);38
PUERTO LA CRUZ;S/N ISLA PUNA;GUAYAS;GUAYAQUIL;PUNA;NIVEL 1;PUESTO DE SALUD;MSP;-79,85778714;-2,600493752;Medicina General, Vacunación, Farmacia, Odontología Preventiva;Público (Gratuito para afiliados MSP);25
PUERTO ROMA;S/N ISLA PUNA;GUAYAS;GUAYAQUIL;PUNA;NIVEL 1;PUESTO DE SALUD;MSP;-79,88293477;-2,514915332;Medicina General, Vacunación, Farmacia, Odontología Preventiva;Público (Gratuito para afiliados MSP);34
HOSPITAL del niño  FRANCISCO DE ICAZA BUSTAMANTE;AV. QUITO S/N Y GOMEZ RENDON - CALICUCHIMA;GUAYAS;GUAYAQUIL;AYACUCHO;NIVEL 3;HOSPITAL ESPECIALIZADO EN PEDIATRIA;MSP;-79,89284775;-2,203362035;UCI, Especialidades Médicas, Cirugía Completa, Diagnóstico Avanzado, Oncología, Endocrinología, Trasplante de órganos;Público (Gratuito para afiliados MSP);528
HOSPITAL DE ESPECIALIDADES ABEL GILBERT PONTON;29 AVA. S/N Y GALAPAGOS - ORIENTE;GUAYAS;GUAYAQUIL;FEBRES CORDERO;NIVEL 3;HOSPITAL DE ESPECIALIDADES;MSP;-79,93062946;-2,212275743;UCI, Especialidades Médicas, Cirugía Completa, Diagnóstico Avanzado, Oncología, Endocrinología, Trasplante de órganos;Público (Gratuito para afiliados MSP);555
HOSPITAL DEL DIA MARIANA DE JESUS;27 AVA. S/N Y ROSENDO AVILES- CHAMBERS;GUAYAS;GUAYAQUIL;FEBRES CORDERO;NIVEL 2;HOSPITAL DEL DIA;MSP;-79,92632064;-2,208283241;Urgencias, Hospitalización, Cirugía Básica, Pediatría, Anestesiología, Ecografía, Rayos X;Público (Gratuito para afiliados MSP);97
HOSPITAL DE ESPECIALIDADES - TEODORO MALDONADO CARBO;AV. 25 DE JULIO;GUAYAS;GUAYAQUIL;XIMENA;NIVEL 3;HOSPITAL DE ESPECIALIDADES;IESS;-79,89854274;-2,23138316;UCI, Especialidades Médicas, Cirugía Completa, Diagnóstico Avanzado, Oncología, Endocrinología, Trasplante de órganos;Público (Gratuito para afiliados IESS);272
CENTRO DE ESPECIALIDADES - LETAMENDI;LORENZO DE GARAYCOA 3029 Y LETAMENDI;GUAYAS;GUAYAQUIL;LETAMENDI;NIVEL 2;CENTRO DE ESPECIALIDADES;IESS;-79,9031;-2,202924;Urgencias, Hospitalización, Cirugía Básica, Pediatría, Anestesiología, Ecografía, Rayos X;Público (Gratuito para afiliados IESS);105
HOSPITAL GENERAL II-DE LIBERTAD;AV. PEDRO MENENDEZ GILBERT Y AV. DEMOCRACIA;GUAYAS;GUAYAQUIL;TARQUI;NIVEL 2;HOSPITAL GENERAL;FUERZAS ARMADAS;-79,88548877;-2,178593212;Urgencias, Hospitalización, Cirugía Básica, Pediatría, Anestesiología, Ecografía, Rayos X;Público (Gratuito para afiliados FUERZAS ARMADAS);133
HOSPITAL NAVAL GUAYAQUIL;AVE. DE LA MARINA S/N;GUAYAS;GUAYAQUIL;XIMENA;NIVEL 2;HOSPITAL GENERAL;FUERZAS ARMADAS;-79,90289249;-2,26904309;Urgencias, Hospitalización, Cirugía Básica, Pediatría, Anestesiología, Ecografía, Rayos X;Público (Gratuito para afiliados FUERZAS ARMADAS);145
HOSPITAL POLICIA NACIONAL GUAYAQUIL NO. 2;AV. 1RA S/N Y AV. DE LAS AMERICAS;GUAYAS;GUAYAQUIL;TARQUI;NIVEL 3;HOSPITAL DE ESPECIALIDADES;POLICIA NACIONAL;-79,89224363;-2,175531803;UCI, Especialidades Médicas, Cirugía Completa, Diagnóstico Avanzado, Oncología, Endocrinología, Trasplante de órganos;Público (Gratuito para afiliados POLICIA NACIONAL);569
HOSPITAL UNIVERSITARIO;KM. 23 VIA PERIMETRAL S/N Y 0 CONTIGUO AL TERMINAL DE TRANSF. DE VIVERES;GUAYAS;GUAYAQUIL;PASCUALES;NIVEL 3;HOSPITAL ESPECIALIZADO EN GINECOLOGIA Y OBSTETRICIA;MSP;-79,94706531;-2,096286128;UCI, Especialidades Médicas, Cirugía Completa, Diagnóstico Avanzado, Oncología, Endocrinología, Trasplante de órganos;Público (Gratuito para afiliados MSP);340
DISPENSARIO CAUCHICHE;.;GUAYAS;GUAYAQUIL;PUNA;NIVEL 1;PUESTO DE SALUD;IESS;-80,23470291;-2,800935245;Medicina General, Vacunación, Farmacia, Odontología Preventiva;Público (Gratuito para afiliados IESS);40
DISPENSARIO ESPERANZA DEL CARMEN;.;GUAYAS;GUAYAQUIL;TENGUEL;NIVEL 1;PUESTO DE SALUD;IESS;-79,74037049;-3,006405219;Medicina General, Vacunación, Farmacia, Odontología Preventiva;Público (Gratuito para afiliados IESS);38
MONTE SINAI;Barrio: COOPERATIVA MARIA PAIDAL Calle: BALERIO ESTACIO Número: S/N Intersección: SN Código postal: 090807 Número de piso:0 Manzana: 11 Y 12;GUAYAS;GUAYAQUIL;GUAYAQUIL;NIVEL 1;CENTRO DE SALUD B;MSP;-79,99700691;-2,119367585;Medicina General, Vacunación, Farmacia, Odontología Preventiva;Público (Gratuito para afiliados MSP);30
POSORJA;9 DE OCTUBRE SOLAR 9 Y SIMON YAQUE Y CASIQUE TOMALA;GUAYAS;GUAYAQUIL;POSORJA;NIVEL 1;CENTRO DE SALUD C;MSP;-80,24547704;-2,710712601;Medicina General, Vacunación, Farmacia, Odontología Preventiva;Público (Gratuito para afiliados MSP);25
SITIO NUEVO;PRINCIPAL SOLAR 4 Y VIA A SAN ANTONIO;GUAYAS;GUAYAQUIL;MORRO;NIVEL 1;PUESTO DE SALUD;MSP;-80,32565413;-2,562745495;Medicina General, Vacunación, Farmacia, Odontología Preventiva;Público (Gratuito para afiliados MSP);44
CAMPO ALEGRE;SIN DIRECCION;GUAYAS;GUAYAQUIL;PUNA;NIVEL 1;PUESTO DE SALUD;MSP;-80,13535331;-2,822546702;Medicina General, Vacunación, Farmacia, Odontología Preventiva;Público (Gratuito para afiliados MSP);35
CENTRO DE SALUD TIPO A HUANCAVILCA;S/N;GUAYAS;GUAYAQUIL;TARQUI;NIVEL 1;CENTRO DE SALUD A;FUERZAS ARMADAS;-79,930735;-2,119725;Medicina General, Vacunación, Farmacia, Odontología Preventiva;Público (Gratuito para afiliados FUERZAS ARMADAS);38
BASE NAVAL SAN EDUARDO;AV. BARCELONA S/N Y AV. VELASCO IBARRA.;GUAYAS;GUAYAQUIL;TARQUI;NIVEL 2;CENTRO DE ESPECIALIDADES;FUERZAS ARMADAS;-79,919254;-2,180752;Urgencias, Hospitalización, Cirugía Básica, Pediatría, Anestesiología, Ecografía, Rayos X;Público (Gratuito para afiliados FUERZAS ARMADAS);105
ESCUELA DE INFANTERIA AEREA;AV. PEDRO MENENDEZ GILBERT SN Y PUENTE UNIDAD NACIONAL;GUAYAS;GUAYAQUIL;TARQUI;NIVEL 1;CENTRO DE SALUD A;FUERZAS ARMADAS;-79,87914;-2,15727;Medicina General, Vacunación, Farmacia, Odontología Preventiva;Público (Gratuito para afiliados FUERZAS ARMADAS);42
ALA DE COMBATE NO. 22;AV. PEDRO MENENDEZ GILBERT S/N Y AV LUIS PLAZA DAÑIN;GUAYAS;GUAYAQUIL;TARQUI;NIVEL 2;CENTRO DE ESPECIALIDADES;FUERZAS ARMADAS;-79,883721;-2,163747;Urgencias, Hospitalización, Cirugía Básica, Pediatría, Anestesiología, Ecografía, Rayos X;Público (Gratuito para afiliados FUERZAS ARMADAS);142
CENTRO DE ADOLESCENTES INFRACTORES - CAI FEMENINO GUAYAQUIL;KM. 6 1/2 VÍA A LA COSTA SN Y SN;GUAYAS;GUAYAQUIL;TARQUI;NIVEL 1;CENTRO DE SALUD EN CENTROS DE PRIVACION DE LIBERTAD;SNAI;-79,9438;-2,176956;Medicina General, Vacunación, Farmacia, Odontología Preventiva;Público (Gratuito para afiliados SNAI);35
CENTRO DE PRIVACION DE LIBERTAD GUAYAS Nº 1;SN;GUAYAS;GUAYAQUIL;PASCUALES;NIVEL 1;CENTRO DE SALUD EN CENTROS DE PRIVACION DE LIBERTAD;SNAI;-79,945219;-2,047212;Medicina General, Vacunación, Farmacia, Odontología Preventiva;Público (Gratuito para afiliados SNAI);42
CENTRO DE REHABILITACION SOCIAL MASCULINO GUAYAS Nº 4;LA GERMANIA 001 Y C32N;GUAYAS;GUAYAQUIL;PASCUALES;NIVEL 1;CENTRO DE SALUD EN CENTROS DE PRIVACION DE LIBERTAD;SNAI;-79,943103;-2,047212;Medicina General, Vacunación, Farmacia, Odontología Preventiva;Público (Gratuito para afiliados SNAI);25
CENTRO DE SALUD TIPO A ESANGU;AV. DE LAS AMERICAS S/N;GUAYAS;GUAYAQUIL;TARQUI;NIVEL 1;CENTRO DE SALUD A;FUERZAS ARMADAS;-79,88976635;-2,163305001;Medicina General, Vacunación, Farmacia, Odontología Preventiva;Público (Gratuito para afiliados FUERZAS ARMADAS);35
CENTRO ESPECIALIZADO EN REHABILITACION INTEGRAL NO2 GUAYAQUIL;AV.25 DE JULIO 2403 Y DANIEL CAMBONI;GUAYAS;GUAYAQUIL;XIMENA;NIVEL 3;CENTRO ESPECIALIZADO EN REHABILITACION INTEGRAL;MSP;-79,899499;-2,267335;UCI, Especialidades Médicas, Cirugía Completa, Diagnóstico Avanzado, Oncología, Endocrinología, Trasplante de órganos;Público (Gratuito para afiliados MSP);324
DISPENSARIO LA CONCORDIA;.;GUAYAS;GUAYAQUIL;PUNA;NIVEL 1;PUESTO DE SALUD;IESS;-79,9145283;-2,776165805;Medicina General, Vacunación, Farmacia, Odontología Preventiva;Público (Gratuito para afiliados IESS);42
CENTRO CLÍNICO QUIRÚRGICO AMBULATORIO (HOSPITAL DEL DÍA) - EFREN JURADO LÓPEZ;ARGENTINA 100 Y ELOY ALFARO;GUAYAS;GUAYAQUIL;AYACUCHO;NIVEL 2;HOSPITAL DEL DIA;IESS;-79,8847;-2,2087;Urgencias, Hospitalización, Cirugía Básica, Pediatría, Anestesiología, Ecografía, Rayos X;Público (Gratuito para afiliados IESS);97
DIRECCION DE SANIDAD DE LA ARMADA;AV. 25 DE JULIO S/N;GUAYAS;GUAYAQUIL;XIMENA;NIVEL 1;PUESTO DE SALUD;FUERZAS ARMADAS;-79,8936736;-2,2166266;Medicina General, Vacunación, Farmacia, Odontología Preventiva;Público (Gratuito para afiliados FUERZAS ARMADAS);44
CENTRO DE PRIVACION DE LIBERTAD GUAYAS Nº 5;VIA A DAULE KM16;GUAYAS;GUAYAQUIL;PASCUALES;NIVEL 1;CENTRO DE SALUD EN CENTROS DE PRIVACION DE LIBERTAD;SNAI;-79,943103;-2,047212;Medicina General, Vacunación, Farmacia, Odontología Preventiva;Público (Gratuito para afiliados SNAI);33
HOSPITAL GENERAL GUASMO SUR;AV. CACIQUE TOMALA NUMERO: S/N INTERSECCION: 1ER PASAJE 11B SE;GUAYAS;GUAYAQUIL;XIMENA;NIVEL 2;HOSPITAL GENERAL;MSP;-79,89533;-2,276701;Urgencias, Hospitalización, Cirugía Básica, Pediatría, Anestesiología, Ecografía, Rayos X;Público (Gratuito para afiliados MSP);142
EL HOGAR LA ESPERANZA NRO. 2 GUAYAS;CALLE 21 NE S/N ATRÁS DE LA IGLESIA MERCEDES DE JESUS MOLINA;GUAYAS;GUAYAQUIL;TARQUI;NIVEL 3;CENTRO ESPECIALIZADO EN GERIATRIA;FUERZAS ARMADAS;-79,8991187;-2,10861;UCI, Especialidades Médicas, Cirugía Completa, Diagnóstico Avanzado, Oncología, Endocrinología, Trasplante de órganos;Público (Gratuito para afiliados FUERZAS ARMADAS);509
CENTRO DE SALUD PUERTAS DEL SOL;KM 8.5 VIA A LA COSTA SOLAR 38 Y CALLE 5 S O;GUAYAS;GUAYAQUIL;TARQUI;NIVEL 1;CENTRO DE SALUD A;MSP;-79,96146288;-2,191366821;Medicina General, Vacunación, Farmacia, Odontología Preventiva;Público (Gratuito para afiliados MSP);32
SOCIO VIVIENDA 2;20MO CALLEJON SOLAR 1 Y IGLESIA ADVENTISTA LOMAS DE FLORIDA;GUAYAS;GUAYAQUIL;TARQUI;NIVEL 1;CENTRO DE SALUD A;MSP;-79,962373;-2,134488;Medicina General, Vacunación, Farmacia, Odontología Preventiva;Público (Gratuito para afiliados MSP);40
INSTITUTO OCEANOGRAFICO DE LA ARMADA;AV. 25 DE JULIO LA BASE NAVAL SUR;GUAYAS;GUAYAQUIL;XIMENA;NIVEL 1;CONSULTORIO GENERAL;FUERZAS ARMADAS;-79,9062037;-2,2716536;Medicina General, Vacunación, Farmacia, Odontología Preventiva;Público (Gratuito para afiliados FUERZAS ARMADAS);38
UNIDAD EDUCATIVA DE FUERZAS ARMADAS LICEO NAVAL GUAYAQUIL COMANDANTE RAFAEL ANDRADE LALAMA;AV. PEDRO MENENDEZ GILBERT JUNTO AL PUENTE DE LA UNIDAD NACIONAL (BASNOR);GUAYAS;GUAYAQUIL;TARQUI;NIVEL 1;CONSULTORIO GENERAL DE MEDICINA GENERAL;FUERZAS ARMADAS;-79,877667;-2,157475;Medicina General, Vacunación, Farmacia, Odontología Preventiva;Público (Gratuito para afiliados FUERZAS ARMADAS);32
HOSPITAL GENERAL DEL NORTE DE GUAYAQUIL LOS CEIBOS;AV. DEL BOMBERO KM. 6.5 A 200 MTS DE MADESA;GUAYAS;GUAYAQUIL;TARQUI;NIVEL 2;HOSPITAL GENERAL;IESS;-79,939648;-2,175955;Urgencias, Hospitalización, Cirugía Básica, Pediatría, Anestesiología, Ecografía, Rayos X;Público (Gratuito para afiliados IESS);96
CENTRO ESPECIALIZADO EN TRATAMIENTO A PERSONAS CON CONSUMO PROBLEMATICO DE ALCOHOL Y OTRAS DROGAS (CETAD) - LOS LIBERTADORES;VIA A LA COSTA KM 6 Y MEDIO;GUAYAS;GUAYAQUIL;TARQUI;NIVEL 3;CENTRO ESPECIALIZADO EN CETAD;MSP;-79,944443;-2,177791;UCI, Especialidades Médicas, Cirugía Completa, Diagnóstico Avanzado, Oncología, Endocrinología, Trasplante de órganos;Público (Gratuito para afiliados MSP);447
CIUDAD VICTORIA;27 NO SOLAR 49 Y 26 NO;GUAYAS;GUAYAQUIL;TARQUI;NIVEL 1;CENTRO DE SALUD C;MSP;-79,991556;-2,086028;Medicina General, Vacunación, Farmacia, Odontología Preventiva;Público (Gratuito para afiliados MSP);30
HOSPITAL GENERAL MONTE SINAI;AV. CASUARINA S/N Y UNIDAD DEL MILENIO;GUAYAS;GUAYAQUIL;TARQUI;NIVEL 2;HOSPITAL GENERAL;MSP;-80,002087;-2,125887;Urgencias, Hospitalización, Cirugía Básica, Pediatría, Anestesiología, Ecografía, Rayos X;Público (Gratuito para afiliados MSP);122
CENTRO DE SALUD TIPO C SAN FRANCISCO DE TENGUEL;VICTOR HUGO FLORES 00 Y VICTOR HUGO FLORES;GUAYAS;GUAYAQUIL;TENGUEL;NIVEL 1;CENTRO DE SALUD C;MSP;-79,79016913;-2,996920354;Medicina General, Vacunación, Farmacia, Odontología Preventiva;Público (Gratuito para afiliados MSP);41
CUERPO DE INGENIEROS DEL EJERCITO;VIA DAULE KM 8 1/2;GUAYAS;GUAYAQUIL;TARQUI;NIVEL 1;CONSULTORIO GENERAL;FUERZAS ARMADAS;-79,92919;-2,1138869;Medicina General, Vacunación, Farmacia, Odontología Preventiva;Público (Gratuito para afiliados FUERZAS ARMADAS);35
CAJA DEL SEGURO;AV.OLMEDO 415 Y CALIXTO ROMERO;GUAYAS;GUAYAQUIL;OLMEDO;NIVEL 1;CENTRO DE SALUD A;IESS;-79,88196;-2,1973;Medicina General, Vacunación, Farmacia, Odontología Preventiva;Público (Gratuito para afiliados IESS);36
INSTITUTO OCEANOGRÁFICO Y ANTÁRTICO DE LA ARMADA;AV. 25 DE JULIO 2601 Y VIA PUERTO MARITIMO;GUAYAS;GUAYAQUIL;XIMENA;NIVEL 1;CONSULTORIO GENERAL DE MEDICINA GENERAL;FUERZAS ARMADAS;-79,904002;-2,271563;Medicina General, Vacunación, Farmacia, Odontología Preventiva;Público (Gratuito para afiliados FUERZAS ARMADAS);36
CENTRO DE SALUD NUEVA PROSPERINA;CALLE 21 3 Y AV 63;GUAYAS;GUAYAQUIL;TARQUI;NIVEL 1;CENTRO DE SALUD A;MSP;-79,970181;-2,122745;Medicina General, Vacunación, Farmacia, Odontología Preventiva;Público (Gratuito para afiliados MSP);39
HOSPITAL MUNICIPAL BICENTENARIO DE GUAYAQUIL;Calle Pedro Pablo Gómez y Av. 6 de Marzo Guayaquil 090311.;GUAYAS;GUAYAQUIL;OLMEDO;NIVEL 1;;Municipalidad de Guayaquil;;;Medicina General, Vacunación, Farmacia, Odontología Preventiva;Privado (Oro, Plata, Bronce, Mediken, Saludsa);64
Luis Vernaza Hospital;Loja 700 Guayaquil 090313.;GUAYAS;GUAYAQUIL;ROCAFUERTE;NIVEL 2;;Junta de Beneficencia de Guayaquil;;;Urgencias, Hospitalización, Cirugía Básica, Pediatría, Anestesiología, Ecografía, Rayos X;Privado (Oro, Plata, Bronce, Mediken, Saludsa);186
Hospital León Becerra de Guayaquil;Eloy Alfaro 2402 Guayaquil 090101.;GUAYAS;GUAYAQUIL;XIMENA;NIVEL 1;;Sociedad Protectora de la Infancia;;;Medicina General, Vacunación, Farmacia, Odontología Preventiva;Privado (Oro, Plata, Bronce, Mediken, Saludsa);40
Alfredo G. Paulson Hospital;Calle 11 Ciudadela Atarazana Guayaquil 090514.;GUAYAS;GUAYAQUIL;TARQUI;NIVEL 1;;Junta de Beneficencia de Guayaquil;;;Medicina General, Vacunación, Farmacia, Odontología Preventiva;Privado (Oro, Plata, Bronce, Mediken, Saludsa);51
Omnihospital;Av. Juan TAnca Marengo y Calle 13E NE Guayaquil 090513.;GUAYAS;GUAYAQUIL;TARQUI;NIVEL 3;;Privado;;;UCI, Especialidades Médicas, Cirugía Completa, Diagnóstico Avanzado, Oncología, Endocrinología, Trasplante de órganos;Privado (Oro, Plata, Bronce, Mediken, Saludsa);592
Hospital Clínica Panamericana;Panamá 616 y Roca Guayaquil 090313.;GUAYAS;GUAYAQUIL;ROCAFUERTE;NIVEL 2;;Privado;;;Urgencias, Hospitalización, Cirugía Básica, Pediatría, Anestesiología, Ecografía, Rayos X;Privado (Oro, Plata, Bronce, Mediken, Saludsa);225
Hospital de Especialidades de La Ciudad;Av. 25 de Julio Guayaquil 090203.;GUAYAS;GUAYAQUIL;TARQUI;NIVEL 3;;Municipalidad de Guayaquil;;;UCI, Especialidades Médicas, Cirugía Completa, Diagnóstico Avanzado, Oncología, Endocrinología, Trasplante de órganos;Privado (Oro, Plata, Bronce, Mediken, Saludsa);489
Hospital Alcívar;Coronel 2301 y Cañar Guayaquil 090101.;GUAYAS;GUAYAQUIL;XIMENA;NIVEL 1;;Privado;;;Medicina General, Vacunación, Farmacia, Odontología Preventiva;Privado (Oro, Plata, Bronce, Mediken, Saludsa);54
Hospital Clínica Kennedy Alborada;Av. Rodolfo Baquerizo Nazur y Demetrio Aguilera Malta Guayaquil 090501.;GUAYAS;GUAYAQUIL;TARQUI;NIVEL 1;;Privado;;;Medicina General, Vacunación, Farmacia, Odontología Preventiva;Privado (Oro, Plata, Bronce, Mediken, Saludsa);51
Hospital Clínica Kennedy Samborondón;Av. Samborondón km 1.5 Samborondón 092301.;GUAYAS;GUAYAQUIL;LA PUNTILLA;NIVEL 1;;Privado;;;Medicina General, Vacunación, Farmacia, Odontología Preventiva;Privado (Oro, Plata, Bronce, Mediken, Saludsa);63
Hospital Roberto Gilbert Elizalde;Av. Rodolfo Baquerizo Nazur y Calle Crotos Guayaquil 090501.;GUAYAS;GUAYAQUIL;TARQUI;NIVEL 1;;Junta de Beneficencia de Guayaquil;;;Medicina General, Vacunación, Farmacia, Odontología Preventiva;Privado (Oro, Plata, Bronce, Mediken, Saludsa);67
Hospital de la Mujer;Av. Roberto Gilbert y Nicasio Safadi Ciudadela Atarazana Guayaquil 090514.;GUAYAS;GUAYAQUIL;TARQUI;NIVEL 1;;Junta de Beneficencia de Guayaquil;;;Medicina General, Vacunación, Farmacia, Odontología Preventiva;Privado (Oro, Plata, Bronce, Mediken, Saludsa);52
Clínica Guayaquil;Padre Aguirre 401 y General Córdova Guayaquil 090313.;GUAYAS;GUAYAQUIL;ROCAFUERTE;NIVEL 3;;Privado;;;UCI, Especialidades Médicas, Cirugía Completa, Diagnóstico Avanzado, Oncología, Endocrinología, Trasplante de órganos;Privado (Oro, Plata, Bronce, Mediken, Saludsa);715
Clínica San Francisco;Alejandro Andrade Coello (detrás del Policentro) Guayaquil 090512.;GUAYAS;GUAYAQUIL;TARQUI;NIVEL 2;;Privado;;;Urgencias, Hospitalización, Cirugía Básica, Pediatría, Anestesiología, Ecografía, Rayos X;Privado (Oro, Plata, Bronce, Mediken, Saludsa);186
